-- MySQL dump 10.13  Distrib 8.0.33, for Linux (x86_64)
--
-- Host: localhost    Database: aloxe_2
-- ------------------------------------------------------
-- Server version	8.0.33

/*!40101 SET @OLD_CHARACTER_SET_CLIENT=@@CHARACTER_SET_CLIENT */;
/*!40101 SET @OLD_CHARACTER_SET_RESULTS=@@CHARACTER_SET_RESULTS */;
/*!40101 SET @OLD_COLLATION_CONNECTION=@@COLLATION_CONNECTION */;
/*!50503 SET NAMES utf8mb4 */;
/*!40103 SET @OLD_TIME_ZONE=@@TIME_ZONE */;
/*!40103 SET TIME_ZONE='+00:00' */;
/*!40014 SET @OLD_UNIQUE_CHECKS=@@UNIQUE_CHECKS, UNIQUE_CHECKS=0 */;
/*!40014 SET @OLD_FOREIGN_KEY_CHECKS=@@FOREIGN_KEY_CHECKS, FOREIGN_KEY_CHECKS=0 */;
/*!40101 SET @OLD_SQL_MODE=@@SQL_MODE, SQL_MODE='NO_AUTO_VALUE_ON_ZERO' */;
/*!40111 SET @OLD_SQL_NOTES=@@SQL_NOTES, SQL_NOTES=0 */;

--
-- Table structure for table `chi_tiet_dat_xe`
--

DROP TABLE IF EXISTS `chi_tiet_dat_xe`;
/*!40101 SET @saved_cs_client     = @@character_set_client */;
/*!50503 SET character_set_client = utf8mb4 */;
CREATE TABLE `chi_tiet_dat_xe` (
  `id` int NOT NULL AUTO_INCREMENT,
  `ma_dat_xe` int DEFAULT NULL,
  `mo_ta` text COLLATE utf8mb4_general_ci,
  `longitude_diem_don` decimal(11,8) DEFAULT NULL,
  `latitude_diem_don` decimal(10,8) DEFAULT NULL,
  `longitude_diem_den` decimal(11,8) DEFAULT NULL,
  `latitude_diem_den` decimal(10,8) DEFAULT NULL,
  `ma_giam_gia_ap_dung` varchar(255) COLLATE utf8mb4_general_ci DEFAULT NULL,
  `diem_don` varchar(255) COLLATE utf8mb4_general_ci DEFAULT NULL,
  `diem_den` varchar(255) COLLATE utf8mb4_general_ci DEFAULT NULL,
  `loai_xe` varchar(255) COLLATE utf8mb4_general_ci DEFAULT NULL,
  `thoi_gian_tao` datetime NOT NULL,
  `thoi_gian_cap_nhat` datetime NOT NULL,
  PRIMARY KEY (`id`),
  UNIQUE KEY `chi_tiet_dat_xe_UN` (`ma_dat_xe`),
  CONSTRAINT `chi_tiet_dat_xe_ibfk_1` FOREIGN KEY (`ma_dat_xe`) REFERENCES `dat_xe` (`id`) ON DELETE SET NULL ON UPDATE CASCADE
) ENGINE=InnoDB AUTO_INCREMENT=238 DEFAULT CHARSET=utf8mb4 COLLATE=utf8mb4_general_ci;
/*!40101 SET character_set_client = @saved_cs_client */;

--
-- Dumping data for table `chi_tiet_dat_xe`
--

LOCK TABLES `chi_tiet_dat_xe` WRITE;
/*!40000 ALTER TABLE `chi_tiet_dat_xe` DISABLE KEYS */;
INSERT INTO `chi_tiet_dat_xe` VALUES (119,126,NULL,NULL,NULL,NULL,NULL,NULL,'164 Huỳnh Tấn Phát, Phường Tân Thuận Tây, Ho Chi Minh City 72910, Vietnam','227 Nguyễn Văn Cừ, Ward 4, Ho Chi Minh City 72711, Vietnam','FOUR_SEAT','2023-12-04 12:43:35','2023-12-04 12:43:35'),(120,127,NULL,NULL,NULL,NULL,NULL,NULL,'164 Huỳnh Tấn Phát, Phường Tân Thuận Tây, Ho Chi Minh City 72910, Vietnam','227 Nguyễn Văn Cừ, Ward 4, Ho Chi Minh City 72711, Vietnam','FOUR_SEAT','2023-12-04 12:46:30','2023-12-04 12:46:30'),(121,128,NULL,106.69180298,10.75374031,107.49426600,11.33547500,NULL,'123, Bến Nghé, 1, Hồ Chí Minh','123, An Phú, An Phú, An Giang','VIP','2023-12-04 12:46:31','2023-12-04 12:46:31'),(122,129,NULL,NULL,NULL,NULL,NULL,NULL,'164 Huỳnh Tấn Phát, Phường Tân Thuận Tây, Ho Chi Minh City 72910, Vietnam','227 Nguyễn Văn Cừ, Ward 4, Ho Chi Minh City 72711, Vietnam','FOUR_SEAT','2023-12-04 12:49:04','2023-12-04 12:49:04'),(123,130,NULL,106.69180298,10.75374031,107.49426600,11.33547500,NULL,'123, Bến Nghé, 1, Hồ Chí Minh','123, An Phú, An Phú, An Giang','FOUR_SEAT','2023-12-04 12:59:12','2023-12-04 12:59:12'),(124,131,NULL,106.69180298,10.75374031,107.49426600,11.33547500,NULL,'123, Bến Nghé, 1, Hồ Chí Minh','123, An Phú, An Phú, An Giang','FOUR_SEAT','2023-12-04 12:59:14','2023-12-04 12:59:14'),(125,132,NULL,106.69180298,10.75374031,107.49426600,11.33547500,NULL,'123, Bến Nghé, 1, Hồ Chí Minh','123, An Phú, An Phú, An Giang','FOUR_SEAT','2023-12-04 12:59:15','2023-12-04 12:59:15'),(126,133,NULL,106.69180298,10.75374031,107.49426600,11.33547500,NULL,'123, Bến Nghé, 1, Hồ Chí Minh','123, An Phú, An Phú, An Giang','FIVE_SEAT','2023-12-04 12:59:31','2023-12-04 12:59:31'),(127,134,NULL,106.69180298,10.75374031,107.49426600,11.33547500,NULL,'123, Bến Nghé, 1, Hồ Chí Minh','123, An Phú, An Phú, An Giang','VIP','2023-12-04 12:59:55','2023-12-04 12:59:55'),(128,135,NULL,106.69180298,10.75374031,107.49426600,11.33547500,NULL,'123, Bến Nghé, 1, Hồ Chí Minh','123, An Phú, An Phú, An Giang','VIP','2023-12-04 13:03:43','2023-12-04 13:03:43'),(129,136,NULL,106.69180298,10.75374031,107.49426600,11.33547500,NULL,'123, Bến Nghé, 1, Hồ Chí Minh','123, An Phú, An Phú, An Giang','VIP','2023-12-04 13:03:44','2023-12-04 13:03:44'),(130,137,NULL,106.69180298,10.75374031,107.49426600,11.33547500,NULL,'123, Bến Nghé, 1, Hồ Chí Minh','123, An Phú, An Phú, An Giang','VIP','2023-12-04 13:03:46','2023-12-04 13:03:46'),(131,138,NULL,106.69180298,10.75374031,107.49426600,11.33547500,NULL,'123, Bến Nghé, 1, Hồ Chí Minh','123, An Phú, An Phú, An Giang','VIP','2023-12-04 13:04:14','2023-12-04 13:04:14'),(132,139,NULL,106.69180298,10.75374031,107.49426600,11.33547500,NULL,'123, Bến Nghé, 1, Hồ Chí Minh','123, An Phú, An Phú, An Giang','VIP','2023-12-04 13:07:06','2023-12-04 13:07:06'),(133,140,NULL,NULL,NULL,NULL,NULL,NULL,'164 Huỳnh Tấn Phát, Phường Tân Thuận Tây, Ho Chi Minh City 72910, Vietnam','227 Nguyễn Văn Cừ, Ward 4, Ho Chi Minh City 72711, Vietnam','FOUR_SEAT','2023-12-04 13:09:44','2023-12-04 13:09:44'),(134,141,NULL,NULL,NULL,NULL,NULL,NULL,'164 Huỳnh Tấn Phát, Phường Tân Thuận Tây, Ho Chi Minh City 72910, Vietnam','227 Nguyễn Văn Cừ, Ward 4, Ho Chi Minh City 72711, Vietnam','FOUR_SEAT','2023-12-04 13:10:19','2023-12-04 13:10:19'),(135,142,NULL,NULL,NULL,NULL,NULL,NULL,'164 Huỳnh Tấn Phát, Phường Tân Thuận Tây, Ho Chi Minh City 72910, Vietnam','227 Nguyễn Văn Cừ, Ward 4, Ho Chi Minh City 72711, Vietnam','FOUR_SEAT','2023-12-04 13:14:10','2023-12-04 13:14:10'),(136,143,NULL,NULL,NULL,NULL,NULL,NULL,'164 Huỳnh Tấn Phát, Phường Tân Thuận Tây, Ho Chi Minh City 72910, Vietnam','227 Nguyễn Văn Cừ, Ward 4, Ho Chi Minh City 72711, Vietnam','FOUR_SEAT','2023-12-04 13:32:40','2023-12-04 13:32:40'),(137,144,NULL,NULL,NULL,NULL,NULL,NULL,'164 Huỳnh Tấn Phát, Phường Tân Thuận Tây, Ho Chi Minh City 72910, Vietnam','227 Nguyễn Văn Cừ, Ward 4, Ho Chi Minh City 72711, Vietnam','FOUR_SEAT','2023-12-04 13:34:40','2023-12-04 13:34:40'),(138,145,NULL,NULL,NULL,NULL,NULL,NULL,'164 Huỳnh Tấn Phát, Phường Tân Thuận Tây, Ho Chi Minh City 72910, Vietnam','227 Nguyễn Văn Cừ, Ward 4, Ho Chi Minh City 72711, Vietnam','FOUR_SEAT','2023-12-04 13:36:25','2023-12-04 13:36:25'),(139,146,NULL,NULL,NULL,NULL,NULL,NULL,'164 Huỳnh Tấn Phát, Phường Tân Thuận Tây, Ho Chi Minh City 72910, Vietnam','227 Nguyễn Văn Cừ, Ward 4, Ho Chi Minh City 72711, Vietnam','FOUR_SEAT','2023-12-04 13:38:50','2023-12-04 13:38:50'),(140,147,NULL,NULL,NULL,NULL,NULL,NULL,'164 Huỳnh Tấn Phát, Phường Tân Thuận Tây, Ho Chi Minh City 72910, Vietnam','227 Nguyễn Văn Cừ, Ward 4, Ho Chi Minh City 72711, Vietnam','FOUR_SEAT','2023-12-04 13:39:24','2023-12-04 13:39:24'),(141,148,NULL,NULL,NULL,NULL,NULL,NULL,'164 Huỳnh Tấn Phát, Phường Tân Thuận Tây, Ho Chi Minh City 72910, Vietnam','227 Nguyễn Văn Cừ, Ward 4, Ho Chi Minh City 72711, Vietnam','FOUR_SEAT','2023-12-04 13:40:02','2023-12-04 13:40:02'),(142,149,NULL,NULL,NULL,NULL,NULL,NULL,'164 Huỳnh Tấn Phát, Phường Tân Thuận Tây, Ho Chi Minh City 72910, Vietnam','227 Nguyễn Văn Cừ, Ward 4, Ho Chi Minh City 72711, Vietnam','FOUR_SEAT','2023-12-04 13:40:11','2023-12-04 13:40:11'),(143,150,NULL,NULL,NULL,NULL,NULL,NULL,'164 Huỳnh Tấn Phát, Phường Tân Thuận Tây, Ho Chi Minh City 72910, Vietnam','227 Nguyễn Văn Cừ, Ward 4, Ho Chi Minh City 72711, Vietnam','FOUR_SEAT','2023-12-04 13:45:32','2023-12-04 13:45:32'),(144,151,NULL,NULL,NULL,NULL,NULL,NULL,'164 Huỳnh Tấn Phát, Phường Tân Thuận Tây, Ho Chi Minh City 72910, Vietnam','227 Nguyễn Văn Cừ, Ward 4, Ho Chi Minh City 72711, Vietnam','FOUR_SEAT','2023-12-04 13:46:00','2023-12-04 13:46:00'),(145,152,NULL,NULL,NULL,NULL,NULL,NULL,'164 Huỳnh Tấn Phát, Phường Tân Thuận Tây, Ho Chi Minh City 72910, Vietnam','227 Nguyễn Văn Cừ, Ward 4, Ho Chi Minh City 72711, Vietnam','FOUR_SEAT','2023-12-04 13:46:38','2023-12-04 13:46:38'),(146,153,NULL,NULL,NULL,NULL,NULL,NULL,'164 Huỳnh Tấn Phát, Phường Tân Thuận Tây, Ho Chi Minh City 72910, Vietnam','227 Nguyễn Văn Cừ, Ward 4, Ho Chi Minh City 72711, Vietnam','FOUR_SEAT','2023-12-04 13:49:16','2023-12-04 13:49:16'),(147,154,NULL,NULL,NULL,NULL,NULL,NULL,'164 Huỳnh Tấn Phát, Phường Tân Thuận Tây, Ho Chi Minh City 72910, Vietnam','227 Nguyễn Văn Cừ, Ward 4, Ho Chi Minh City 72711, Vietnam','FOUR_SEAT','2023-12-04 13:51:41','2023-12-04 13:51:41'),(148,155,NULL,NULL,NULL,NULL,NULL,NULL,'164 Huỳnh Tấn Phát, Phường Tân Thuận Tây, Ho Chi Minh City 72910, Vietnam','227 Nguyễn Văn Cừ, Ward 4, Ho Chi Minh City 72711, Vietnam','FOUR_SEAT','2023-12-04 13:51:53','2023-12-04 13:51:53'),(149,156,NULL,NULL,NULL,NULL,NULL,NULL,'164 Huỳnh Tấn Phát, Phường Tân Thuận Tây, Ho Chi Minh City 72910, Vietnam','227 Nguyễn Văn Cừ, Ward 4, Ho Chi Minh City 72711, Vietnam','FOUR_SEAT','2023-12-04 13:54:10','2023-12-04 13:54:10'),(150,157,NULL,NULL,NULL,NULL,NULL,NULL,'164 Huỳnh Tấn Phát, Phường Tân Thuận Tây, Ho Chi Minh City 72910, Vietnam','227 Nguyễn Văn Cừ, Ward 4, Ho Chi Minh City 72711, Vietnam','FOUR_SEAT','2023-12-04 13:54:24','2023-12-04 13:54:24'),(151,158,NULL,NULL,NULL,NULL,NULL,NULL,'164 Huỳnh Tấn Phát, Phường Tân Thuận Tây, Ho Chi Minh City 72910, Vietnam','227 Nguyễn Văn Cừ, Ward 4, Ho Chi Minh City 72711, Vietnam','FOUR_SEAT','2023-12-04 14:02:26','2023-12-04 14:02:26'),(152,159,NULL,NULL,NULL,NULL,NULL,NULL,'164 Huỳnh Tấn Phát, Phường Tân Thuận Tây, Ho Chi Minh City 72910, Vietnam','227 Nguyễn Văn Cừ, Ward 4, Ho Chi Minh City 72711, Vietnam','FOUR_SEAT','2023-12-04 14:02:44','2023-12-04 14:02:44'),(153,160,NULL,NULL,NULL,NULL,NULL,NULL,'164 Huỳnh Tấn Phát, Phường Tân Thuận Tây, Ho Chi Minh City 72910, Vietnam','227 Nguyễn Văn Cừ, Ward 4, Ho Chi Minh City 72711, Vietnam','FOUR_SEAT','2023-12-04 14:04:04','2023-12-04 14:04:04'),(154,161,NULL,NULL,NULL,NULL,NULL,NULL,'164 Huỳnh Tấn Phát, Phường Tân Thuận Tây, Ho Chi Minh City 72910, Vietnam','227 Nguyễn Văn Cừ, Ward 4, Ho Chi Minh City 72711, Vietnam','FOUR_SEAT','2023-12-04 14:04:50','2023-12-04 14:04:50'),(155,162,NULL,106.66846000,10.79973300,106.67337100,10.79422800,NULL,'123, An Phú, An Phú, An Giang','123, Cam An Bắc, Cam Lâm, Khánh Hòa','FOUR_SEAT','2023-12-04 14:42:36','2023-12-04 14:42:36'),(156,163,NULL,106.66846000,10.79973300,106.67337100,10.79422800,NULL,'123, An Phú, An Phú, An Giang','123, Cam An Bắc, Cam Lâm, Khánh Hòa','FOUR_SEAT','2023-12-04 14:43:54','2023-12-04 14:43:54'),(157,164,NULL,106.66846000,10.79973300,106.67337100,10.79422800,NULL,'123, An Phú, An Phú, An Giang','123, Cam An Bắc, Cam Lâm, Khánh Hòa','FOUR_SEAT','2023-12-04 14:45:46','2023-12-04 14:45:46'),(158,165,NULL,106.66846000,10.79973300,106.67337100,10.79422800,NULL,'123, An Phú, An Phú, An Giang','123, Cam An Bắc, Cam Lâm, Khánh Hòa','FOUR_SEAT','2023-12-04 14:46:19','2023-12-04 14:46:19'),(159,166,NULL,106.66846000,10.79973300,106.67337100,10.79422800,NULL,'123, An Phú, An Phú, An Giang','123, Cam An Bắc, Cam Lâm, Khánh Hòa','FOUR_SEAT','2023-12-04 14:52:39','2023-12-04 14:52:39'),(160,167,NULL,106.66846000,10.79973300,106.67337100,10.79422800,NULL,'123, An Phú, An Phú, An Giang','123, Cam An Bắc, Cam Lâm, Khánh Hòa','FOUR_SEAT','2023-12-04 14:53:06','2023-12-04 14:53:06'),(161,168,NULL,NULL,NULL,NULL,NULL,NULL,'164 Huỳnh Tấn Phát, Phường Tân Thuận Tây, Ho Chi Minh City 72910, Vietnam','227 Nguyễn Văn Cừ, Ward 4, Ho Chi Minh City 72711, Vietnam','FOUR_SEAT','2023-12-05 11:54:12','2023-12-05 11:54:12'),(162,169,NULL,NULL,NULL,NULL,NULL,NULL,'164 Huỳnh Tấn Phát, Phường Tân Thuận Tây, Ho Chi Minh City 72910, Vietnam','227 Nguyễn Văn Cừ, Ward 4, Ho Chi Minh City 72711, Vietnam','FOUR_SEAT','2023-12-05 11:54:33','2023-12-05 11:54:33'),(163,170,NULL,NULL,NULL,NULL,NULL,NULL,'164 Huỳnh Tấn Phát, Phường Tân Thuận Tây, Ho Chi Minh City 72910, Vietnam','227 Nguyễn Văn Cừ, Ward 4, Ho Chi Minh City 72711, Vietnam','FOUR_SEAT','2023-12-05 11:54:55','2023-12-05 11:54:55'),(164,171,NULL,NULL,NULL,NULL,NULL,NULL,'164 Huỳnh Tấn Phát, Phường Tân Thuận Tây, Ho Chi Minh City 72910, Vietnam','227 Nguyễn Văn Cừ, Ward 4, Ho Chi Minh City 72711, Vietnam','FOUR_SEAT','2023-12-05 11:55:33','2023-12-05 11:55:33'),(165,172,NULL,NULL,NULL,NULL,NULL,NULL,'164 Huỳnh Tấn Phát, Phường Tân Thuận Tây, Ho Chi Minh City 72910, Vietnam','227 Nguyễn Văn Cừ, Ward 4, Ho Chi Minh City 72711, Vietnam','FOUR_SEAT','2023-12-05 11:55:37','2023-12-05 11:55:37'),(166,173,NULL,NULL,NULL,NULL,NULL,NULL,'164 Huỳnh Tấn Phát, Phường Tân Thuận Tây, Ho Chi Minh City 72910, Vietnam','227 Nguyễn Văn Cừ, Ward 4, Ho Chi Minh City 72711, Vietnam','FOUR_SEAT','2023-12-05 11:55:40','2023-12-05 11:55:40'),(167,174,NULL,NULL,NULL,NULL,NULL,NULL,'164 Huỳnh Tấn Phát, Phường Tân Thuận Tây, Ho Chi Minh City 72910, Vietnam','227 Nguyễn Văn Cừ, Ward 4, Ho Chi Minh City 72711, Vietnam','FOUR_SEAT','2023-12-05 11:56:25','2023-12-05 11:56:25'),(168,175,NULL,NULL,NULL,NULL,NULL,NULL,'164 Huỳnh Tấn Phát, Phường Tân Thuận Tây, Ho Chi Minh City 72910, Vietnam','227 Nguyễn Văn Cừ, Ward 4, Ho Chi Minh City 72711, Vietnam','FOUR_SEAT','2023-12-05 11:59:33','2023-12-05 11:59:33'),(169,176,NULL,NULL,NULL,NULL,NULL,NULL,'164 Huỳnh Tấn Phát, Phường Tân Thuận Tây, Ho Chi Minh City 72910, Vietnam','227 Nguyễn Văn Cừ, Ward 4, Ho Chi Minh City 72711, Vietnam','FOUR_SEAT','2023-12-05 12:01:55','2023-12-05 12:01:55'),(170,177,NULL,106.72630300,10.75474000,106.68258600,10.76267900,NULL,'164 Huỳnh Tấn Phát, Phường Tân Thuận Tây, Ho Chi Minh City 72910, Vietnam','227 Nguyễn Văn Cừ, Ward 4, Ho Chi Minh City 72711, Vietnam','FOUR_SEAT','2023-12-05 12:09:38','2023-12-05 12:09:38'),(171,178,NULL,106.72630300,10.75474000,106.68258600,10.76267900,NULL,'164 Huỳnh Tấn Phát, Phường Tân Thuận Tây, Ho Chi Minh City 72910, Vietnam','227 Nguyễn Văn Cừ, Ward 4, Ho Chi Minh City 72711, Vietnam','FOUR_SEAT','2023-12-05 12:10:01','2023-12-05 12:10:01'),(172,179,NULL,106.72630300,10.75474000,106.68258600,10.76267900,NULL,'164 Huỳnh Tấn Phát, Phường Tân Thuận Tây, Ho Chi Minh City 72910, Vietnam','227 Nguyễn Văn Cừ, Ward 4, Ho Chi Minh City 72711, Vietnam','FOUR_SEAT','2023-12-05 12:10:10','2023-12-05 12:10:10'),(173,180,NULL,106.72630300,10.75474000,106.68258600,10.76267900,NULL,'164 Huỳnh Tấn Phát, Phường Tân Thuận Tây, Ho Chi Minh City 72910, Vietnam','227 Nguyễn Văn Cừ, Ward 4, Ho Chi Minh City 72711, Vietnam','FOUR_SEAT','2023-12-05 12:10:13','2023-12-05 12:10:13'),(174,181,NULL,106.72630300,10.75474000,106.68258600,10.76267900,NULL,'164 Huỳnh Tấn Phát, Phường Tân Thuận Tây, Ho Chi Minh City 72910, Vietnam','227 Nguyễn Văn Cừ, Ward 4, Ho Chi Minh City 72711, Vietnam','FOUR_SEAT','2023-12-05 12:10:32','2023-12-05 12:10:32'),(175,182,NULL,106.72630300,10.75474000,106.68258600,10.76267900,NULL,'164 Huỳnh Tấn Phát, Phường Tân Thuận Tây, Ho Chi Minh City 72910, Vietnam','227 Nguyễn Văn Cừ, Ward 4, Ho Chi Minh City 72711, Vietnam','FOUR_SEAT','2023-12-05 12:17:51','2023-12-05 12:17:51'),(176,183,NULL,106.72630300,10.75474000,106.68258600,10.76267900,NULL,'164 Huỳnh Tấn Phát, Phường Tân Thuận Tây, Ho Chi Minh City 72910, Vietnam','227 Nguyễn Văn Cừ, Ward 4, Ho Chi Minh City 72711, Vietnam','FOUR_SEAT','2023-12-05 12:19:44','2023-12-05 12:19:44'),(177,184,NULL,106.72630300,10.75474000,106.68258600,10.76267900,NULL,'164 Huỳnh Tấn Phát, Phường Tân Thuận Tây, Ho Chi Minh City 72910, Vietnam','227 Nguyễn Văn Cừ, Ward 4, Ho Chi Minh City 72711, Vietnam','FOUR_SEAT','2023-12-05 12:20:46','2023-12-05 12:20:46'),(178,185,NULL,106.72630300,10.75474000,106.68258600,10.76267900,NULL,'164 Huỳnh Tấn Phát, Phường Tân Thuận Tây, Ho Chi Minh City 72910, Vietnam','227 Nguyễn Văn Cừ, Ward 4, Ho Chi Minh City 72711, Vietnam','FOUR_SEAT','2023-12-05 12:22:22','2023-12-05 12:22:22'),(179,186,NULL,106.72630300,10.75474000,106.68258600,10.76267900,NULL,'164 Huỳnh Tấn Phát, Phường Tân Thuận Tây, Ho Chi Minh City 72910, Vietnam','227 Nguyễn Văn Cừ, Ward 4, Ho Chi Minh City 72711, Vietnam','FOUR_SEAT','2023-12-05 12:23:35','2023-12-05 12:23:35'),(180,187,NULL,106.72630300,10.75474000,106.68258600,10.76267900,NULL,'164 Huỳnh Tấn Phát, Phường Tân Thuận Tây, Ho Chi Minh City 72910, Vietnam','227 Nguyễn Văn Cừ, Ward 4, Ho Chi Minh City 72711, Vietnam','FOUR_SEAT','2023-12-05 12:25:57','2023-12-05 12:25:57'),(181,188,NULL,106.72630300,10.75474000,106.68258600,10.76267900,NULL,'164 Huỳnh Tấn Phát, Phường Tân Thuận Tây, Ho Chi Minh City 72910, Vietnam','227 Nguyễn Văn Cừ, Ward 4, Ho Chi Minh City 72711, Vietnam','FOUR_SEAT','2023-12-05 12:28:12','2023-12-05 12:28:12'),(182,189,NULL,106.72630300,10.75474000,106.68258600,10.76267900,NULL,'164 Huỳnh Tấn Phát, Phường Tân Thuận Tây, Ho Chi Minh City 72910, Vietnam','227 Nguyễn Văn Cừ, Ward 4, Ho Chi Minh City 72711, Vietnam','FOUR_SEAT','2023-12-06 12:12:14','2023-12-06 12:12:14'),(183,190,NULL,106.72630300,10.75474000,106.68258600,10.76267900,NULL,'164 Huỳnh Tấn Phát, Phường Tân Thuận Tây, Ho Chi Minh City 72910, Vietnam','227 Nguyễn Văn Cừ, Ward 4, Ho Chi Minh City 72711, Vietnam','FOUR_SEAT','2023-12-06 12:19:18','2023-12-06 12:19:18'),(184,191,NULL,106.72630300,10.75474000,106.68258600,10.76267900,NULL,'164 Huỳnh Tấn Phát, Phường Tân Thuận Tây, Ho Chi Minh City 72910, Vietnam','227 Nguyễn Văn Cừ, Ward 4, Ho Chi Minh City 72711, Vietnam','FOUR_SEAT','2023-12-06 12:19:25','2023-12-06 12:19:25'),(185,192,NULL,106.72630300,10.75474000,106.68258600,10.76267900,NULL,'164 Huỳnh Tấn Phát, Phường Tân Thuận Tây, Ho Chi Minh City 72910, Vietnam','227 Nguyễn Văn Cừ, Ward 4, Ho Chi Minh City 72711, Vietnam','FOUR_SEAT','2023-12-06 12:19:26','2023-12-06 12:19:26'),(186,193,NULL,106.72630300,10.75474000,106.68258600,10.76267900,NULL,'164 Huỳnh Tấn Phát, Phường Tân Thuận Tây, Ho Chi Minh City 72910, Vietnam','227 Nguyễn Văn Cừ, Ward 4, Ho Chi Minh City 72711, Vietnam','FOUR_SEAT','2023-12-06 12:30:08','2023-12-06 12:30:08'),(187,194,NULL,106.72630300,10.75474000,106.68258600,10.76267900,NULL,'164 Huỳnh Tấn Phát, Phường Tân Thuận Tây, Ho Chi Minh City 72910, Vietnam','227 Nguyễn Văn Cừ, Ward 4, Ho Chi Minh City 72711, Vietnam','FOUR_SEAT','2023-12-06 12:30:09','2023-12-06 12:30:09'),(188,195,NULL,106.72630300,10.75474000,106.68258600,10.76267900,NULL,'164 Huỳnh Tấn Phát, Phường Tân Thuận Tây, Ho Chi Minh City 72910, Vietnam','227 Nguyễn Văn Cừ, Ward 4, Ho Chi Minh City 72711, Vietnam','FOUR_SEAT','2023-12-06 12:30:10','2023-12-06 12:30:10'),(189,196,NULL,106.72630300,10.75474000,106.68258600,10.76267900,NULL,'164 Huỳnh Tấn Phát, Phường Tân Thuận Tây, Ho Chi Minh City 72910, Vietnam','227 Nguyễn Văn Cừ, Ward 4, Ho Chi Minh City 72711, Vietnam','FOUR_SEAT','2023-12-06 12:30:59','2023-12-06 12:30:59'),(190,197,NULL,106.69180298,10.75374031,106.65862060,10.78601780,NULL,'123, Bến Nghé, 1, Hồ Chí Minh','123, 01, 5, Hồ Chí Minh','SEVEN_SEAT','2023-12-06 12:38:04','2023-12-06 12:38:04'),(191,198,NULL,106.69180298,10.75374031,106.72617900,10.74741200,NULL,'123, Bến Nghé, 1, Hồ Chí Minh','123, Bình Thuận, 7, Hồ Chí Minh','FIVE_SEAT','2023-12-06 12:42:26','2023-12-06 12:42:26'),(192,199,NULL,106.72630300,10.75474000,106.68258600,10.76267900,NULL,'164 Huỳnh Tấn Phát, Phường Tân Thuận Tây, Ho Chi Minh City 72910, Vietnam','227 Nguyễn Văn Cừ, Ward 4, Ho Chi Minh City 72711, Vietnam','FOUR_SEAT','2023-12-06 12:45:41','2023-12-06 12:45:41'),(193,200,NULL,106.49012900,10.96961400,105.45516205,21.04429054,NULL,'Nguyễn văn cừ, 07, 5, Hồ Chí Minh','123, Ba Trại, Ba Vì, Hà Nội','SEVEN_SEAT','2023-12-06 12:49:42','2023-12-06 12:49:42'),(194,201,NULL,107.49426600,11.33547500,105.80791473,9.92104340,NULL,'123, An Phú, An Phú, An Giang','123, Mái Dầm, Châu Thành, Hậu Giang','FOUR_SEAT','2023-12-06 12:51:36','2023-12-06 12:51:36'),(195,202,NULL,107.49426600,11.33547500,105.80791473,9.92104340,NULL,'123, An Phú, An Phú, An Giang','123, Mái Dầm, Châu Thành, Hậu Giang','FOUR_SEAT','2023-12-06 12:52:02','2023-12-06 12:52:02'),(196,203,NULL,107.49426600,11.33547500,-0.64111345,45.20949036,NULL,'123, An Phú, An Phú, An Giang','123, Cam An Bắc, Cam Lâm, Khánh Hòa','FOUR_SEAT','2023-12-06 13:02:00','2023-12-06 13:02:00'),(197,204,NULL,107.49426600,11.33547500,106.69180298,10.75374031,NULL,'123, An Phú, An Phú, An Giang','123, Bến Nghé, 1, Hồ Chí Minh','FOUR_SEAT','2023-12-06 13:05:58','2023-12-06 13:05:58'),(198,205,NULL,107.49426600,11.33547500,106.69180298,10.75374031,NULL,'123, An Phú, An Phú, An Giang','123, Bến Nghé, 1, Hồ Chí Minh','FOUR_SEAT','2023-12-06 13:06:14','2023-12-06 13:06:14'),(199,206,NULL,107.49426600,11.33547500,106.69180298,10.75374031,NULL,'123, An Phú, An Phú, An Giang','123, Bến Nghé, 1, Hồ Chí Minh','FOUR_SEAT','2023-12-06 13:07:59','2023-12-06 13:07:59'),(200,207,NULL,107.49426600,11.33547500,106.69180298,10.75374031,NULL,'123, An Phú, An Phú, An Giang','123, Bến Nghé, 1, Hồ Chí Minh','FOUR_SEAT','2023-12-06 13:08:08','2023-12-06 13:08:08'),(201,208,NULL,107.49426600,11.33547500,106.69180298,10.75374031,NULL,'123, An Phú, An Phú, An Giang','123, Bến Nghé, 1, Hồ Chí Minh','VIP','2023-12-06 13:10:11','2023-12-06 13:10:11'),(202,209,NULL,106.72630300,10.75474000,106.68258600,10.76267900,NULL,'164 Huỳnh Tấn Phát, Phường Tân Thuận Tây, Ho Chi Minh City 72910, Vietnam','227 Nguyễn Văn Cừ, Ward 4, Ho Chi Minh City 72711, Vietnam','FOUR_SEAT','2023-12-06 13:14:51','2023-12-06 13:14:51'),(203,210,NULL,106.72630300,10.75474000,106.68258600,10.76267900,NULL,'164 Huỳnh Tấn Phát, Phường Tân Thuận Tây, Ho Chi Minh City 72910, Vietnam','227 Nguyễn Văn Cừ, Ward 4, Ho Chi Minh City 72711, Vietnam','FOUR_SEAT','2023-12-06 13:14:58','2023-12-06 13:14:58'),(204,211,NULL,106.72630300,10.75474000,106.68258600,10.76267900,NULL,'164 Huỳnh Tấn Phát, Phường Tân Thuận Tây, Ho Chi Minh City 72910, Vietnam','227 Nguyễn Văn Cừ, Ward 4, Ho Chi Minh City 72711, Vietnam','FOUR_SEAT','2023-12-06 13:15:05','2023-12-06 13:15:05'),(205,212,NULL,106.72630300,10.75474000,106.68258600,10.76267900,NULL,'164 Huỳnh Tấn Phát, Phường Tân Thuận Tây, Ho Chi Minh City 72910, Vietnam','227 Nguyễn Văn Cừ, Ward 4, Ho Chi Minh City 72711, Vietnam','FOUR_SEAT','2023-12-06 13:15:38','2023-12-06 13:15:38'),(206,213,NULL,106.72630300,10.75474000,106.68258600,10.76267900,NULL,'164 Huỳnh Tấn Phát, Phường Tân Thuận Tây, Ho Chi Minh City 72910, Vietnam','227 Nguyễn Văn Cừ, Ward 4, Ho Chi Minh City 72711, Vietnam','FOUR_SEAT','2023-12-06 13:16:11','2023-12-06 13:16:11'),(207,214,NULL,106.72630300,10.75474000,106.68258600,10.76267900,NULL,'164 Huỳnh Tấn Phát, Phường Tân Thuận Tây, Ho Chi Minh City 72910, Vietnam','227 Nguyễn Văn Cừ, Ward 4, Ho Chi Minh City 72711, Vietnam','FOUR_SEAT','2023-12-06 13:16:13','2023-12-06 13:16:13'),(208,215,NULL,106.72630300,10.75474000,106.68258600,10.76267900,NULL,'164 Huỳnh Tấn Phát, Phường Tân Thuận Tây, Ho Chi Minh City 72910, Vietnam','227 Nguyễn Văn Cừ, Ward 4, Ho Chi Minh City 72711, Vietnam','FOUR_SEAT','2023-12-06 13:16:59','2023-12-06 13:16:59'),(209,216,NULL,106.72630300,10.75474000,106.68258600,10.76267900,NULL,'164 Huỳnh Tấn Phát, Phường Tân Thuận Tây, Ho Chi Minh City 72910, Vietnam','227 Nguyễn Văn Cừ, Ward 4, Ho Chi Minh City 72711, Vietnam','FOUR_SEAT','2023-12-06 13:17:31','2023-12-06 13:17:31'),(210,217,NULL,106.72630300,10.75474000,106.68258600,10.76267900,NULL,'164 Huỳnh Tấn Phát, Phường Tân Thuận Tây, Ho Chi Minh City 72910, Vietnam','227 Nguyễn Văn Cừ, Ward 4, Ho Chi Minh City 72711, Vietnam','FOUR_SEAT','2023-12-06 13:18:17','2023-12-06 13:18:17'),(211,218,NULL,106.72630300,10.75474000,106.68258600,10.76267900,NULL,'164 Huỳnh Tấn Phát, Phường Tân Thuận Tây, Ho Chi Minh City 72910, Vietnam','227 Nguyễn Văn Cừ, Ward 4, Ho Chi Minh City 72711, Vietnam','FOUR_SEAT','2023-12-06 13:18:25','2023-12-06 13:18:25'),(212,219,NULL,106.72630300,10.75474000,106.68258600,10.76267900,NULL,'164 Huỳnh Tấn Phát, Phường Tân Thuận Tây, Ho Chi Minh City 72910, Vietnam','227 Nguyễn Văn Cừ, Ward 4, Ho Chi Minh City 72711, Vietnam','FOUR_SEAT','2023-12-06 13:18:36','2023-12-06 13:18:36'),(213,220,NULL,106.72630300,10.75474000,106.68258600,10.76267900,NULL,'164 Huỳnh Tấn Phát, Phường Tân Thuận Tây, Ho Chi Minh City 72910, Vietnam','227 Nguyễn Văn Cừ, Ward 4, Ho Chi Minh City 72711, Vietnam','FOUR_SEAT','2023-12-06 13:21:30','2023-12-06 13:21:30'),(214,221,NULL,106.72630300,10.75474000,106.68258600,10.76267900,NULL,'164 Huỳnh Tấn Phát, Phường Tân Thuận Tây, Ho Chi Minh City 72910, Vietnam','227 Nguyễn Văn Cừ, Ward 4, Ho Chi Minh City 72711, Vietnam','FOUR_SEAT','2023-12-06 13:23:11','2023-12-06 13:23:11'),(215,222,NULL,106.72630300,10.75474000,106.68258600,10.76267900,NULL,'164 Huỳnh Tấn Phát, Phường Tân Thuận Tây, Ho Chi Minh City 72910, Vietnam','227 Nguyễn Văn Cừ, Ward 4, Ho Chi Minh City 72711, Vietnam','FOUR_SEAT','2023-12-06 13:23:46','2023-12-06 13:23:46'),(216,223,NULL,106.72630300,10.75474000,106.68258600,10.76267900,NULL,'164 Huỳnh Tấn Phát, Phường Tân Thuận Tây, Ho Chi Minh City 72910, Vietnam','227 Nguyễn Văn Cừ, Ward 4, Ho Chi Minh City 72711, Vietnam','FOUR_SEAT','2023-12-06 13:24:21','2023-12-06 13:24:21'),(217,224,NULL,106.72630300,10.75474000,106.68258600,10.76267900,NULL,'164 Huỳnh Tấn Phát, Phường Tân Thuận Tây, Ho Chi Minh City 72910, Vietnam','227 Nguyễn Văn Cừ, Ward 4, Ho Chi Minh City 72711, Vietnam','FOUR_SEAT','2023-12-06 13:26:57','2023-12-06 13:26:57'),(218,225,NULL,106.72630300,10.75474000,106.68258600,10.76267900,NULL,'164 Huỳnh Tấn Phát, Phường Tân Thuận Tây, Ho Chi Minh City 72910, Vietnam','227 Nguyễn Văn Cừ, Ward 4, Ho Chi Minh City 72711, Vietnam','FOUR_SEAT','2023-12-06 13:29:13','2023-12-06 13:29:13'),(219,226,NULL,106.72630300,10.75474000,106.68258600,10.76267900,NULL,'164 Huỳnh Tấn Phát, Phường Tân Thuận Tây, Ho Chi Minh City 72910, Vietnam','227 Nguyễn Văn Cừ, Ward 4, Ho Chi Minh City 72711, Vietnam','FOUR_SEAT','2023-12-06 13:32:18','2023-12-06 13:32:18'),(220,227,NULL,106.72630300,10.75474000,106.68258600,10.76267900,NULL,'164 Huỳnh Tấn Phát, Phường Tân Thuận Tây, Ho Chi Minh City 72910, Vietnam','227 Nguyễn Văn Cừ, Ward 4, Ho Chi Minh City 72711, Vietnam','FOUR_SEAT','2023-12-06 13:33:11','2023-12-06 13:33:11'),(221,228,NULL,106.72630300,10.75474000,106.68258600,10.76267900,NULL,'164 Huỳnh Tấn Phát, Phường Tân Thuận Tây, Ho Chi Minh City 72910, Vietnam','227 Nguyễn Văn Cừ, Ward 4, Ho Chi Minh City 72711, Vietnam','FOUR_SEAT','2023-12-06 13:33:19','2023-12-06 13:33:19'),(222,229,NULL,106.72630300,10.75474000,106.68258600,10.76267900,NULL,'164 Huỳnh Tấn Phát, Phường Tân Thuận Tây, Ho Chi Minh City 72910, Vietnam','227 Nguyễn Văn Cừ, Ward 4, Ho Chi Minh City 72711, Vietnam','FOUR_SEAT','2023-12-06 13:40:43','2023-12-06 13:40:43'),(223,230,NULL,106.72630300,10.75474000,106.68258600,10.76267900,NULL,'164 Huỳnh Tấn Phát, Phường Tân Thuận Tây, Ho Chi Minh City 72910, Vietnam','227 Nguyễn Văn Cừ, Ward 4, Ho Chi Minh City 72711, Vietnam','FOUR_SEAT','2023-12-06 13:41:21','2023-12-06 13:41:21'),(224,231,NULL,106.72630300,10.75474000,106.68258600,10.76267900,NULL,'164 Huỳnh Tấn Phát, Phường Tân Thuận Tây, Ho Chi Minh City 72910, Vietnam','227 Nguyễn Văn Cừ, Ward 4, Ho Chi Minh City 72711, Vietnam','FOUR_SEAT','2023-12-06 13:42:00','2023-12-06 13:42:00'),(225,232,NULL,106.72630300,10.75474000,106.68258600,10.76267900,NULL,'164 Huỳnh Tấn Phát, Phường Tân Thuận Tây, Ho Chi Minh City 72910, Vietnam','227 Nguyễn Văn Cừ, Ward 4, Ho Chi Minh City 72711, Vietnam','FOUR_SEAT','2023-12-06 13:50:07','2023-12-06 13:50:07'),(226,233,NULL,106.67598400,10.75749900,106.68258600,10.76267900,NULL,'164 Huynh Man Dat, Ward 8, Ho Chi Minh City 72710, Vietnam','227 Nguyễn Văn Cừ, Ward 4, Ho Chi Minh City 72711, Vietnam','FOUR_SEAT','2023-12-06 13:51:59','2023-12-06 13:51:59'),(227,234,NULL,106.67598400,10.75749900,106.68258600,10.76267900,NULL,'164 Huynh Man Dat, Ward 8, Ho Chi Minh City 72710, Vietnam','227 Nguyễn Văn Cừ, Ward 4, Ho Chi Minh City 72711, Vietnam','FOUR_SEAT','2023-12-06 13:52:11','2023-12-06 13:52:11'),(228,235,NULL,106.67598400,10.75749900,106.68258600,10.76267900,NULL,'164 Huynh Man Dat, Ward 8, Ho Chi Minh City 72710, Vietnam','227 Nguyễn Văn Cừ, Ward 4, Ho Chi Minh City 72711, Vietnam','FOUR_SEAT','2023-12-06 13:53:17','2023-12-06 13:53:17'),(229,236,NULL,106.72630300,10.75474000,106.68258600,10.76267900,NULL,'164 Huỳnh Tấn Phát, Phường Tân Thuận Tây, Ho Chi Minh City 72910, Vietnam','227 Nguyễn Văn Cừ, Ward 4, Ho Chi Minh City 72711, Vietnam','FOUR_SEAT','2023-12-06 13:54:57','2023-12-06 13:54:57'),(230,237,NULL,106.72630300,10.75474000,106.68258600,10.76267900,NULL,'164 Huỳnh Tấn Phát, Phường Tân Thuận Tây, Ho Chi Minh City 72910, Vietnam','227 Nguyễn Văn Cừ, Ward 4, Ho Chi Minh City 72711, Vietnam','FOUR_SEAT','2023-12-06 13:56:00','2023-12-06 13:56:00'),(231,238,NULL,106.72630300,10.75474000,106.68258600,10.76267900,NULL,'164 Huỳnh Tấn Phát, Phường Tân Thuận Tây, Ho Chi Minh City 72910, Vietnam','227 Nguyễn Văn Cừ, Ward 4, Ho Chi Minh City 72711, Vietnam','FOUR_SEAT','2023-12-06 13:59:42','2023-12-06 13:59:42'),(232,239,NULL,106.72630300,10.75474000,106.68258600,10.76267900,NULL,'164 Huỳnh Tấn Phát, Phường Tân Thuận Tây, Ho Chi Minh City 72910, Vietnam','227 Nguyễn Văn Cừ, Ward 4, Ho Chi Minh City 72711, Vietnam','FOUR_SEAT','2023-12-06 13:59:50','2023-12-06 13:59:50'),(233,240,NULL,106.72630300,10.75474000,106.68258600,10.76267900,NULL,'164 Huỳnh Tấn Phát, Phường Tân Thuận Tây, Ho Chi Minh City 72910, Vietnam','227 Nguyễn Văn Cừ, Ward 4, Ho Chi Minh City 72711, Vietnam','FOUR_SEAT','2023-12-06 14:06:06','2023-12-06 14:06:06'),(234,241,NULL,106.72630300,10.75474000,106.68258600,10.76267900,NULL,'164 Huỳnh Tấn Phát, Phường Tân Thuận Tây, Ho Chi Minh City 72910, Vietnam','227 Nguyễn Văn Cừ, Ward 4, Ho Chi Minh City 72711, Vietnam','FOUR_SEAT','2023-12-06 14:11:21','2023-12-06 14:11:21'),(235,242,NULL,106.72630300,10.75474000,106.68258600,10.76267900,NULL,'164 Huỳnh Tấn Phát, Phường Tân Thuận Tây, Ho Chi Minh City 72910, Vietnam','227 Nguyễn Văn Cừ, Ward 4, Ho Chi Minh City 72711, Vietnam','FOUR_SEAT','2023-12-06 14:11:24','2023-12-06 14:11:24'),(236,243,NULL,106.72630300,10.75474000,106.68258600,10.76267900,NULL,'164 Huỳnh Tấn Phát, Phường Tân Thuận Tây, Ho Chi Minh City 72910, Vietnam','227 Nguyễn Văn Cừ, Ward 4, Ho Chi Minh City 72711, Vietnam','FOUR_SEAT','2023-12-06 14:11:32','2023-12-06 14:11:32'),(237,244,NULL,106.72630300,10.75474000,106.68258600,10.76267900,NULL,'164 Huỳnh Tấn Phát, Phường Tân Thuận Tây, Ho Chi Minh City 72910, Vietnam','227 Nguyễn Văn Cừ, Ward 4, Ho Chi Minh City 72711, Vietnam','FOUR_SEAT','2023-12-06 14:12:57','2023-12-06 14:12:57');
/*!40000 ALTER TABLE `chi_tiet_dat_xe` ENABLE KEYS */;
UNLOCK TABLES;

--
-- Table structure for table `dat_xe`
--

DROP TABLE IF EXISTS `dat_xe`;
/*!40101 SET @saved_cs_client     = @@character_set_client */;
/*!50503 SET character_set_client = utf8mb4 */;
CREATE TABLE `dat_xe` (
  `id` int NOT NULL AUTO_INCREMENT,
  `ma_khach_hang` int DEFAULT NULL,
  `ma_nhan_vien_ho_tro` int DEFAULT NULL,
  `code` varchar(255) COLLATE utf8mb4_general_ci DEFAULT NULL,
  `tong_tien` int DEFAULT NULL,
  `trang_thai` varchar(255) COLLATE utf8mb4_general_ci DEFAULT NULL,
  `ma_tai_xe` int DEFAULT NULL,
  `thoi_gian_bat_dau` datetime DEFAULT NULL,
  `thoi_gian_ket_thuc` datetime DEFAULT NULL,
  `thoi_gian_tao` datetime NOT NULL,
  `thoi_gian_cap_nhat` datetime NOT NULL,
  PRIMARY KEY (`id`),
  KEY `ma_khach_hang` (`ma_khach_hang`),
  KEY `ma_nhan_vien_ho_tro` (`ma_nhan_vien_ho_tro`),
  KEY `ma_tai_xe` (`ma_tai_xe`),
  CONSTRAINT `dat_xe_ibfk_1` FOREIGN KEY (`ma_khach_hang`) REFERENCES `khach_hang` (`id`) ON DELETE SET NULL ON UPDATE CASCADE,
  CONSTRAINT `dat_xe_ibfk_2` FOREIGN KEY (`ma_nhan_vien_ho_tro`) REFERENCES `nhan_vien` (`id`) ON DELETE SET NULL ON UPDATE CASCADE,
  CONSTRAINT `dat_xe_ibfk_3` FOREIGN KEY (`ma_tai_xe`) REFERENCES `tai_xe` (`id`) ON DELETE SET NULL ON UPDATE CASCADE
) ENGINE=InnoDB AUTO_INCREMENT=245 DEFAULT CHARSET=utf8mb4 COLLATE=utf8mb4_general_ci;
/*!40101 SET character_set_client = @saved_cs_client */;

--
-- Dumping data for table `dat_xe`
--

LOCK TABLES `dat_xe` WRITE;
/*!40000 ALTER TABLE `dat_xe` DISABLE KEYS */;
INSERT INTO `dat_xe` VALUES (126,22,NULL,'BOOK_1701693815726',NULL,'DRIVER_NOT_FOUND',NULL,'2023-12-04 12:43:35',NULL,'2023-12-04 12:43:35','2023-12-04 12:43:35'),(127,22,NULL,'BOOK_1701693990109',118268818,'DRIVER_FOUND',1,'2023-12-04 12:46:30',NULL,'2023-12-04 12:46:30','2023-12-04 12:46:30'),(128,21,1,'BOOK_1701693991590',NULL,'BOOKED',NULL,'2023-12-22 12:44:00',NULL,'2023-12-04 12:46:31','2023-12-04 12:46:31'),(129,22,NULL,'BOOK_1701694144342',NULL,'DRIVER_NOT_FOUND',NULL,'2023-12-04 12:49:04',NULL,'2023-12-04 12:49:04','2023-12-04 12:49:04'),(130,21,1,'BOOK_1701694752395',NULL,'DRIVER_NOT_FOUND',NULL,'2023-12-04 12:58:08',NULL,'2023-12-04 12:59:12','2023-12-04 12:59:12'),(131,21,1,'BOOK_1701694754018',NULL,'DRIVER_NOT_FOUND',NULL,'2023-12-04 12:58:08',NULL,'2023-12-04 12:59:14','2023-12-04 12:59:14'),(132,21,1,'BOOK_1701694755176',NULL,'DRIVER_NOT_FOUND',NULL,'2023-12-04 12:58:08',NULL,'2023-12-04 12:59:15','2023-12-04 12:59:15'),(133,21,1,'BOOK_1701694771449',NULL,'DRIVER_NOT_FOUND',NULL,'2023-12-04 12:58:08',NULL,'2023-12-04 12:59:31','2023-12-04 12:59:31'),(134,21,1,'BOOK_1701694795064',30157,'DRIVER_FOUND',8,'2023-12-04 12:58:08',NULL,'2023-12-04 12:59:55','2023-12-04 12:59:55'),(135,21,1,'BOOK_1701695023025',NULL,'DRIVER_NOT_FOUND',NULL,'2023-12-04 12:58:08',NULL,'2023-12-04 13:03:43','2023-12-04 13:03:43'),(136,21,1,'BOOK_1701695024965',NULL,'DRIVER_NOT_FOUND',NULL,'2023-12-04 12:58:08',NULL,'2023-12-04 13:03:44','2023-12-04 13:03:45'),(137,21,1,'BOOK_1701695026028',NULL,'DRIVER_NOT_FOUND',NULL,'2023-12-04 12:58:08',NULL,'2023-12-04 13:03:46','2023-12-04 13:03:46'),(138,21,1,'BOOK_1701695054011',NULL,'BOOKED',NULL,'2023-12-06 12:58:08',NULL,'2023-12-04 13:04:14','2023-12-04 13:04:14'),(139,21,1,'BOOK_1701695226912',1088758,'BOOKED',NULL,'2023-12-06 12:58:08',NULL,'2023-12-04 13:07:06','2023-12-04 13:07:06'),(140,22,NULL,'BOOK_1701695384101',0,'DRIVER_NOT_FOUND',NULL,'2023-12-04 13:09:44',NULL,'2023-12-04 13:09:44','2023-12-04 13:09:44'),(141,22,NULL,'BOOK_1701695419466',0,'BOOKED',NULL,'2023-12-04 13:10:19',NULL,'2023-12-04 13:10:19','2023-12-04 13:10:19'),(142,22,NULL,'BOOK_1701695650248',0,'CANCELLED',1,'2023-12-04 13:14:10',NULL,'2023-12-04 13:14:10','2023-12-04 13:29:52'),(143,22,NULL,'BOOK_1701696760692',0,'CANCELLED',1,'2023-12-04 13:32:40',NULL,'2023-12-04 13:32:40','2023-12-04 13:34:05'),(144,22,NULL,'BOOK_1701696880034',0,'CANCELLED',1,'2023-12-04 13:34:40',NULL,'2023-12-04 13:34:40','2023-12-04 13:36:03'),(145,22,NULL,'BOOK_1701696985828',0,'CANCELLED',1,'2023-12-04 13:36:25',NULL,'2023-12-04 13:36:25','2023-12-04 13:38:42'),(146,22,NULL,'BOOK_1701697130475',0,'CANCELLED',1,'2023-12-04 13:38:50',NULL,'2023-12-04 13:38:50','2023-12-04 13:39:00'),(147,22,NULL,'BOOK_1701697164432',0,'DRIVER_NOT_FOUND',NULL,'2023-12-04 13:39:24',NULL,'2023-12-04 13:39:24','2023-12-04 13:39:24'),(148,22,NULL,'BOOK_1701697202641',0,'DRIVER_NOT_FOUND',NULL,'2023-12-04 13:40:02',NULL,'2023-12-04 13:40:02','2023-12-04 13:40:02'),(149,22,NULL,'BOOK_1701697211094',0,'CANCELLED',1,'2023-12-04 13:40:11',NULL,'2023-12-04 13:40:11','2023-12-04 13:45:06'),(150,22,NULL,'BOOK_1701697532656',0,'DRIVER_NOT_FOUND',NULL,'2023-12-04 13:45:32',NULL,'2023-12-04 13:45:32','2023-12-04 13:45:32'),(151,22,NULL,'BOOK_1701697560203',0,'CANCELLED',1,'2023-12-04 13:46:00',NULL,'2023-12-04 13:46:00','2023-12-04 13:46:35'),(152,22,NULL,'BOOK_1701697598058',0,'CANCELLED',1,'2023-12-04 13:46:38',NULL,'2023-12-04 13:46:38','2023-12-04 13:48:54'),(153,22,NULL,'BOOK_1701697756829',0,'CANCELLED',1,'2023-12-04 13:49:16',NULL,'2023-12-04 13:49:16','2023-12-04 13:49:30'),(154,22,NULL,'BOOK_1701697901949',0,'CANCELLED',1,'2023-12-04 13:51:41',NULL,'2023-12-04 13:51:41','2023-12-04 13:51:46'),(155,22,NULL,'BOOK_1701697913107',0,'CANCELLED',1,'2023-12-04 13:51:53',NULL,'2023-12-04 13:51:53','2023-12-04 13:54:03'),(156,22,NULL,'BOOK_1701698050063',0,'CANCELLED',1,'2023-12-04 13:54:10',NULL,'2023-12-04 13:54:10','2023-12-04 13:54:20'),(157,22,NULL,'BOOK_1701698064031',0,'CANCELLED',1,'2023-12-04 13:54:24',NULL,'2023-12-04 13:54:24','2023-12-04 14:02:20'),(158,22,NULL,'BOOK_1701698546044',0,'CANCELLED',1,'2023-12-04 14:02:26',NULL,'2023-12-04 14:02:26','2023-12-04 14:02:33'),(159,22,NULL,'BOOK_1701698564942',0,'CANCELLED',1,'2023-12-04 14:02:44',NULL,'2023-12-04 14:02:44','2023-12-04 14:04:01'),(160,22,NULL,'BOOK_1701698644010',0,'CANCELLED',1,'2023-12-04 14:04:04',NULL,'2023-12-04 14:04:04','2023-12-04 14:04:08'),(161,22,NULL,'BOOK_1701698690226',0,'CANCELLED',1,'2023-12-04 14:04:50',NULL,'2023-12-04 14:04:50','2023-12-05 11:54:08'),(162,17,NULL,'BOOK_1701700956136',8139,'DRIVER_NOT_FOUND',NULL,'2023-12-02 09:57:53',NULL,'2023-12-04 14:42:36','2023-12-04 14:42:36'),(163,17,NULL,'BOOK_1701701034741',8139,'DRIVER_FOUND',1,'2023-12-02 09:57:53',NULL,'2023-12-04 14:43:54','2023-12-04 14:43:54'),(164,17,NULL,'BOOK_1701701146878',8139,'DRIVER_FOUND',1,'2023-12-02 09:57:53',NULL,'2023-12-04 14:45:46','2023-12-04 14:45:46'),(165,17,NULL,'BOOK_1701701179389',8139,'DRIVER_FOUND',1,'2023-12-02 09:57:53',NULL,'2023-12-04 14:46:19','2023-12-04 14:46:19'),(166,17,NULL,'BOOK_1701701559911',8139,'DRIVER_FOUND',1,'2023-12-02 09:57:53',NULL,'2023-12-04 14:52:39','2023-12-04 14:52:40'),(167,17,NULL,'BOOK_1701701586641',8139,'DRIVER_FOUND',1,'2023-12-02 09:57:53',NULL,'2023-12-04 14:53:06','2023-12-04 14:53:06'),(168,22,NULL,'BOOK_1701777252065',0,'CANCELLED',NULL,'2023-12-05 11:54:12',NULL,'2023-12-05 11:54:12','2023-12-05 11:54:28'),(169,22,NULL,'BOOK_1701777273812',0,'CANCELLED',1,'2023-12-05 11:54:33',NULL,'2023-12-05 11:54:33','2023-12-05 11:54:50'),(170,22,NULL,'BOOK_1701777295142',0,'CANCELLED',NULL,'2023-12-05 11:54:55',NULL,'2023-12-05 11:54:55','2023-12-05 11:55:28'),(171,22,NULL,'BOOK_1701777333205',0,'CANCELLED',1,'2023-12-05 11:55:33',NULL,'2023-12-05 11:55:33','2023-12-05 11:55:35'),(172,22,NULL,'BOOK_1701777336992',0,'CANCELLED',1,'2023-12-05 11:55:36',NULL,'2023-12-05 11:55:36','2023-12-05 11:55:38'),(173,22,NULL,'BOOK_1701777340741',0,'BOOKED',NULL,'2023-12-05 11:55:40',NULL,'2023-12-05 11:55:40','2023-12-05 11:55:40'),(174,22,NULL,'BOOK_1701777385162',0,'CANCELLED',1,'2023-12-05 11:56:25',NULL,'2023-12-05 11:56:25','2023-12-05 11:59:29'),(175,22,NULL,'BOOK_1701777573874',0,'CANCELLED',1,'2023-12-05 11:59:33',NULL,'2023-12-05 11:59:33','2023-12-05 12:01:52'),(176,22,NULL,'BOOK_1701777715533',0,'CANCELLED',1,'2023-12-05 12:01:55',NULL,'2023-12-05 12:01:55','2023-12-05 12:09:35'),(177,22,NULL,'BOOK_1701778178467',48566,'CANCELLED',1,'2023-12-05 12:09:38',NULL,'2023-12-05 12:09:38','2023-12-05 12:09:48'),(178,22,NULL,'BOOK_1701778201657',48566,'CANCELLED',1,'2023-12-05 12:10:01',NULL,'2023-12-05 12:10:01','2023-12-05 12:10:07'),(179,22,NULL,'BOOK_1701778210516',48566,'BOOKED',NULL,'2023-12-05 12:10:10',NULL,'2023-12-05 12:10:10','2023-12-05 12:10:10'),(180,22,NULL,'BOOK_1701778213075',48566,'CANCELLED',1,'2023-12-05 12:10:13',NULL,'2023-12-05 12:10:13','2023-12-05 12:10:24'),(181,22,NULL,'BOOK_1701778232838',48566,'CANCELLED',1,'2023-12-05 12:10:32',NULL,'2023-12-05 12:10:32','2023-12-05 12:17:13'),(182,22,NULL,'BOOK_1701778671583',48566,'CANCELLED',1,'2023-12-05 12:17:51',NULL,'2023-12-05 12:17:51','2023-12-05 12:19:40'),(183,22,NULL,'BOOK_1701778784154',48566,'CANCELLED',1,'2023-12-05 12:19:44',NULL,'2023-12-05 12:19:44','2023-12-05 12:20:32'),(184,22,NULL,'BOOK_1701778846423',48566,'CANCELLED',1,'2023-12-05 12:20:46',NULL,'2023-12-05 12:20:46','2023-12-05 12:22:16'),(185,22,NULL,'BOOK_1701778942317',48566,'CANCELLED',1,'2023-12-05 12:22:22',NULL,'2023-12-05 12:22:22','2023-12-05 12:23:28'),(186,22,NULL,'BOOK_1701779015182',48566,'CANCELLED',1,'2023-12-05 12:23:35',NULL,'2023-12-05 12:23:35','2023-12-05 12:25:49'),(187,22,NULL,'BOOK_1701779157151',48566,'CANCELLED',1,'2023-12-05 12:25:57',NULL,'2023-12-05 12:25:57','2023-12-05 12:27:57'),(188,22,NULL,'BOOK_1701779292577',48566,'CANCELLED',1,'2023-12-05 12:28:12',NULL,'2023-12-05 12:28:12','2023-12-06 12:08:49'),(189,22,NULL,'BOOK_1701864734238',48566,'CANCELLED',1,'2023-12-06 12:12:14',NULL,'2023-12-06 12:12:14','2023-12-06 12:19:14'),(190,22,NULL,'BOOK_1701865158629',48566,'CANCELLED',1,'2023-12-06 12:19:18',NULL,'2023-12-06 12:19:18','2023-12-06 12:19:20'),(191,22,NULL,'BOOK_1701865165757',48566,'BOOKED',NULL,'2023-12-06 12:19:25',NULL,'2023-12-06 12:19:25','2023-12-06 12:19:25'),(192,22,NULL,'BOOK_1701865166875',48566,'PAID',1,'2023-12-06 12:19:26',NULL,'2023-12-06 12:19:26','2023-12-06 12:26:29'),(193,22,NULL,'BOOK_1701865808620',48566,'DRIVER_NOT_FOUND',NULL,'2023-12-06 12:30:08',NULL,'2023-12-06 12:30:08','2023-12-06 12:30:08'),(194,22,NULL,'BOOK_1701865809810',48566,'DRIVER_NOT_FOUND',NULL,'2023-12-06 12:30:09',NULL,'2023-12-06 12:30:09','2023-12-06 12:30:09'),(195,22,NULL,'BOOK_1701865810733',48566,'DRIVER_NOT_FOUND',NULL,'2023-12-06 12:30:10',NULL,'2023-12-06 12:30:10','2023-12-06 12:30:10'),(196,22,NULL,'BOOK_1701865859030',48566,'CANCELLED',1,'2023-12-06 12:30:58',NULL,'2023-12-06 12:30:59','2023-12-06 12:44:14'),(197,21,1,'BOOK_1701866284073',51010,'DRIVER_NOT_FOUND',NULL,'2023-12-06 12:37:06',NULL,'2023-12-06 12:38:04','2023-12-06 12:38:04'),(198,21,1,'BOOK_1701866546691',38207,'DRIVER_NOT_FOUND',NULL,'2023-12-06 12:41:39',NULL,'2023-12-06 12:42:26','2023-12-06 12:42:26'),(199,22,NULL,'BOOK_1701866741304',48566,'PAID',1,'2023-12-06 12:45:41',NULL,'2023-12-06 12:45:41','2023-12-06 12:45:55'),(200,21,1,'BOOK_1701866982456',11256839,'DRIVER_NOT_FOUND',NULL,'2023-12-06 12:47:58',NULL,'2023-12-06 12:49:42','2023-12-06 12:49:42'),(201,21,1,'BOOK_1701867096056',2422800,'DRIVER_NOT_FOUND',NULL,'2023-12-06 12:50:55',NULL,'2023-12-06 12:51:36','2023-12-06 12:51:36'),(202,21,1,'BOOK_1701867121993',2422800,'DRIVER_NOT_FOUND',NULL,'2023-12-06 12:50:55',NULL,'2023-12-06 12:52:01','2023-12-06 12:52:02'),(203,21,1,'BOOK_1701867720283',104891471,'DRIVER_NOT_FOUND',NULL,'2023-12-06 13:00:24',NULL,'2023-12-06 13:02:00','2023-12-06 13:02:00'),(204,21,1,'BOOK_1701867958859',1088758,'DRIVER_NOT_FOUND',NULL,'2023-12-06 13:03:48',NULL,'2023-12-06 13:05:58','2023-12-06 13:05:58'),(205,21,1,'BOOK_1701867974267',1088758,'DRIVER_NOT_FOUND',NULL,'2023-12-06 13:03:48',NULL,'2023-12-06 13:06:14','2023-12-06 13:06:14'),(206,21,1,'BOOK_1701868078969',1088758,'DRIVER_NOT_FOUND',NULL,'2023-12-06 13:03:48',NULL,'2023-12-06 13:07:58','2023-12-06 13:07:59'),(207,21,1,'BOOK_1701868088364',1088758,'DRIVER_NOT_FOUND',NULL,'2023-12-06 13:03:48',NULL,'2023-12-06 13:08:08','2023-12-06 13:08:08'),(208,21,1,'BOOK_1701868211594',1088758,'BOOKED',NULL,'2023-12-30 13:03:48',NULL,'2023-12-06 13:10:11','2023-12-06 13:10:11'),(209,22,NULL,'BOOK_1701868491260',48566,'DRIVER_NOT_FOUND',NULL,'2023-12-06 13:14:51',NULL,'2023-12-06 13:14:51','2023-12-06 13:14:51'),(210,22,NULL,'BOOK_1701868498078',48566,'DRIVER_NOT_FOUND',NULL,'2023-12-06 13:14:57',NULL,'2023-12-06 13:14:58','2023-12-06 13:14:58'),(211,22,NULL,'BOOK_1701868505870',48566,'DRIVER_NOT_FOUND',NULL,'2023-12-06 13:15:05',NULL,'2023-12-06 13:15:05','2023-12-06 13:15:05'),(212,22,NULL,'BOOK_1701868537922',48566,'DRIVER_NOT_FOUND',NULL,'2023-12-06 13:15:37',NULL,'2023-12-06 13:15:37','2023-12-06 13:15:38'),(213,22,NULL,'BOOK_1701868571309',48566,'DRIVER_NOT_FOUND',NULL,'2023-12-06 13:16:11',NULL,'2023-12-06 13:16:11','2023-12-06 13:16:11'),(214,22,NULL,'BOOK_1701868573926',48566,'DRIVER_NOT_FOUND',NULL,'2023-12-06 13:16:13',NULL,'2023-12-06 13:16:13','2023-12-06 13:16:13'),(215,22,NULL,'BOOK_1701868619324',48566,'DRIVER_NOT_FOUND',NULL,'2023-12-06 13:16:59',NULL,'2023-12-06 13:16:59','2023-12-06 13:16:59'),(216,22,NULL,'BOOK_1701868651065',48566,'DRIVER_NOT_FOUND',NULL,'2023-12-06 13:17:30',NULL,'2023-12-06 13:17:31','2023-12-06 13:17:31'),(217,22,NULL,'BOOK_1701868697084',48566,'DRIVER_NOT_FOUND',NULL,'2023-12-06 13:18:16',NULL,'2023-12-06 13:18:17','2023-12-06 13:18:17'),(218,22,NULL,'BOOK_1701868705372',48566,'DRIVER_NOT_FOUND',NULL,'2023-12-06 13:18:25',NULL,'2023-12-06 13:18:25','2023-12-06 13:18:25'),(219,22,NULL,'BOOK_1701868716024',48566,'CANCELLED',1,'2023-12-06 13:18:35',NULL,'2023-12-06 13:18:36','2023-12-06 13:21:13'),(220,22,NULL,'BOOK_1701868890535',48566,'CANCELLED',1,'2023-12-06 13:21:30',NULL,'2023-12-06 13:21:30','2023-12-06 13:22:53'),(221,22,NULL,'BOOK_1701868991076',48566,'ARRIVED',1,'2023-12-06 13:23:10',NULL,'2023-12-06 13:23:11','2023-12-06 13:25:36'),(222,22,NULL,'BOOK_1701869026183',48566,'CANCELLED',1,'2023-12-06 13:23:46',NULL,'2023-12-06 13:23:46','2023-12-06 13:24:14'),(223,22,NULL,'BOOK_1701869061133',48566,'CANCELLED',1,'2023-12-06 13:24:21',NULL,'2023-12-06 13:24:21','2023-12-06 13:26:21'),(224,22,NULL,'BOOK_1701869217713',48566,'CANCELLED',1,'2023-12-06 13:26:57',NULL,'2023-12-06 13:26:57','2023-12-06 13:29:07'),(225,22,NULL,'BOOK_1701869353925',48566,'CANCELLED',1,'2023-12-06 13:29:13',NULL,'2023-12-06 13:29:13','2023-12-06 13:32:13'),(226,22,NULL,'BOOK_1701869538289',48566,'CANCELLED',1,'2023-12-06 13:32:18',NULL,'2023-12-06 13:32:18','2023-12-06 13:32:25'),(227,22,NULL,'BOOK_1701869591148',48566,'CANCELLED',1,'2023-12-06 13:33:11',NULL,'2023-12-06 13:33:11','2023-12-06 13:33:14'),(228,22,NULL,'BOOK_1701869599549',48566,'CANCELLED',1,'2023-12-06 13:33:19',NULL,'2023-12-06 13:33:19','2023-12-06 13:40:42'),(229,22,NULL,'BOOK_1701870043264',48566,'CANCELLED',1,'2023-12-06 13:40:43',NULL,'2023-12-06 13:40:43','2023-12-06 13:41:13'),(230,22,NULL,'BOOK_1701870081934',48566,'CANCELLED',1,'2023-12-06 13:41:21',NULL,'2023-12-06 13:41:21','2023-12-06 13:41:42'),(231,22,NULL,'BOOK_1701870120378',48566,'CANCELLED',1,'2023-12-06 13:42:00',NULL,'2023-12-06 13:42:00','2023-12-06 13:45:27'),(232,22,NULL,'BOOK_1701870607195',48566,'DRIVER_NOT_FOUND',NULL,'2023-12-06 13:50:06',NULL,'2023-12-06 13:50:07','2023-12-06 13:50:07'),(233,22,NULL,'BOOK_1701870719123',9230,'DRIVER_NOT_FOUND',NULL,'2023-12-06 13:51:58',NULL,'2023-12-06 13:51:59','2023-12-06 13:51:59'),(234,22,NULL,'BOOK_1701870731260',9230,'CANCELLED',1,'2023-12-06 13:52:11',NULL,'2023-12-06 13:52:11','2023-12-06 13:52:18'),(235,22,NULL,'BOOK_1701870797615',9230,'CANCELLED',1,'2023-12-06 13:53:17',NULL,'2023-12-06 13:53:17','2023-12-06 13:53:47'),(236,22,NULL,'BOOK_1701870897083',48566,'CANCELLED',1,'2023-12-06 13:54:56',NULL,'2023-12-06 13:54:57','2023-12-06 13:55:27'),(237,22,NULL,'BOOK_1701870960244',48566,'CANCELLED',1,'2023-12-06 13:56:00',NULL,'2023-12-06 13:56:00','2023-12-06 13:57:16'),(238,22,NULL,'BOOK_1701871182397',48566,'DRIVER_NOT_FOUND',NULL,'2023-12-06 13:59:42',NULL,'2023-12-06 13:59:42','2023-12-06 13:59:42'),(239,22,NULL,'BOOK_1701871190481',48566,'CANCELLED',1,'2023-12-06 13:59:50',NULL,'2023-12-06 13:59:50','2023-12-06 13:59:54'),(240,22,NULL,'BOOK_1701871566617',48566,'PAID',1,'2023-12-06 14:06:06',NULL,'2023-12-06 14:06:06','2023-12-06 14:06:23'),(241,22,NULL,'BOOK_1701871881711',48566,'DRIVER_NOT_FOUND',NULL,'2023-12-06 14:11:21',NULL,'2023-12-06 14:11:21','2023-12-06 14:11:21'),(242,22,NULL,'BOOK_1701871884269',48566,'DRIVER_NOT_FOUND',NULL,'2023-12-06 14:11:24',NULL,'2023-12-06 14:11:24','2023-12-06 14:11:24'),(243,22,NULL,'BOOK_1701871892440',48566,'CANCELLED',1,'2023-12-06 14:11:32',NULL,'2023-12-06 14:11:32','2023-12-06 14:11:59'),(244,22,NULL,'BOOK_1701871977854',48566,'PAID',1,'2023-12-06 14:12:57',NULL,'2023-12-06 14:12:57','2023-12-06 14:13:13');
/*!40000 ALTER TABLE `dat_xe` ENABLE KEYS */;
UNLOCK TABLES;

--
-- Table structure for table `khach_hang`
--

DROP TABLE IF EXISTS `khach_hang`;
/*!40101 SET @saved_cs_client     = @@character_set_client */;
/*!50503 SET character_set_client = utf8mb4 */;
CREATE TABLE `khach_hang` (
  `id` int NOT NULL AUTO_INCREMENT,
  `ma_nguoi_dung` int DEFAULT NULL,
  `cap_bac` varchar(255) COLLATE utf8mb4_general_ci DEFAULT NULL,
  `ngay_sinh` datetime DEFAULT NULL,
  `thoi_gian_tao` datetime NOT NULL,
  `thoi_gian_cap_nhat` datetime NOT NULL,
  PRIMARY KEY (`id`),
  KEY `ma_nguoi_dung` (`ma_nguoi_dung`),
  CONSTRAINT `khach_hang_ibfk_1` FOREIGN KEY (`ma_nguoi_dung`) REFERENCES `nguoi_dung` (`id`) ON DELETE SET NULL ON UPDATE CASCADE
) ENGINE=InnoDB AUTO_INCREMENT=23 DEFAULT CHARSET=utf8mb4 COLLATE=utf8mb4_general_ci;
/*!40101 SET character_set_client = @saved_cs_client */;

--
-- Dumping data for table `khach_hang`
--

LOCK TABLES `khach_hang` WRITE;
/*!40000 ALTER TABLE `khach_hang` DISABLE KEYS */;
INSERT INTO `khach_hang` VALUES (17,24,'NORMAL','1997-10-04 00:00:00','2023-12-03 13:58:32','2023-12-03 13:58:32'),(18,25,'NORMAL',NULL,'2023-12-03 14:15:07','2023-12-03 14:15:07'),(19,NULL,'NORMAL','2023-12-04 00:00:00','2023-12-04 11:52:36','2023-12-04 11:52:36'),(20,27,'NORMAL','2023-12-04 00:00:00','2023-12-04 11:53:20','2023-12-04 11:53:20'),(21,28,'NORMAL',NULL,'2023-12-04 12:00:43','2023-12-04 12:00:43'),(22,29,'NORMAL','2023-12-04 00:00:00','2023-12-04 12:41:18','2023-12-04 12:41:18');
/*!40000 ALTER TABLE `khach_hang` ENABLE KEYS */;
UNLOCK TABLES;

--
-- Table structure for table `nguoi_dung`
--

DROP TABLE IF EXISTS `nguoi_dung`;
/*!40101 SET @saved_cs_client     = @@character_set_client */;
/*!50503 SET character_set_client = utf8mb4 */;
CREATE TABLE `nguoi_dung` (
  `id` int NOT NULL AUTO_INCREMENT,
  `ten` varchar(255) COLLATE utf8mb4_general_ci DEFAULT NULL,
  `ten_day_du` varchar(255) COLLATE utf8mb4_general_ci DEFAULT NULL,
  `so_dien_thoai` varchar(255) COLLATE utf8mb4_general_ci DEFAULT NULL,
  `email` varchar(255) COLLATE utf8mb4_general_ci DEFAULT NULL,
  `dia_chi` varchar(255) COLLATE utf8mb4_general_ci DEFAULT NULL,
  `vai_tro` varchar(255) COLLATE utf8mb4_general_ci DEFAULT NULL,
  `thoi_gian_tao` datetime NOT NULL,
  `thoi_gian_cap_nhat` datetime NOT NULL,
  `anh_dai_dien` varchar(100) COLLATE utf8mb4_general_ci DEFAULT NULL,
  PRIMARY KEY (`id`),
  UNIQUE KEY `nguoi_dung_UN` (`so_dien_thoai`)
) ENGINE=InnoDB AUTO_INCREMENT=30 DEFAULT CHARSET=utf8mb4 COLLATE=utf8mb4_general_ci;
/*!40101 SET character_set_client = @saved_cs_client */;

--
-- Dumping data for table `nguoi_dung`
--

LOCK TABLES `nguoi_dung` WRITE;
/*!40000 ALTER TABLE `nguoi_dung` DISABLE KEYS */;
INSERT INTO `nguoi_dung` VALUES (1,'customer 1','customer 1','84937264821','customer1@gmail.com','27 Ngo Thoi Nhiem','CUSTOMER','2023-11-30 13:11:17','2023-11-30 13:11:17','https://i.pravatar.cc/300'),(2,'customer 2','customer 2','84937264823','customer1@gmail.com','27 Ngo Thoi Nhiem','CUSTOMER','2023-11-30 13:11:37','2023-11-30 13:11:37','https://i.pravatar.cc/300'),(3,'driver 1','driver 1','84937264824','driver1@gmail.com','27 Ngo Thoi Nhiem','DRIVER','2023-11-30 13:11:37','2023-11-30 13:11:37','https://i.pravatar.cc/300'),(4,'driver 2','driver 2','84933264813','driver1@gmail.com','27 Ngo Thoi Nhiem','DRIVER','2023-11-30 13:13:02','2023-11-30 13:13:02','https://i.pravatar.cc/300'),(5,'driver 3','driver 3','84931264813','driver1@gmail.com','27 Ngo Thoi Nhiem','DRIVER','2023-11-30 13:13:08','2023-11-30 13:13:08','https://i.pravatar.cc/300'),(6,'driver 4','driver 4','84931266813','driver1@gmail.com','27 Ngo Thoi Nhiem','DRIVER','2023-11-30 13:13:16','2023-11-30 13:13:16','https://i.pravatar.cc/300'),(7,'driver 5','driver 5','84971266813','driver1@gmail.com','27 Ngo Thoi Nhiem','DRIVER','2023-11-30 13:13:24','2023-11-30 13:13:24','https://i.pravatar.cc/300'),(8,'driver 6','driver 6','84971266713','driver1@gmail.com','27 Ngo Thoi Nhiem','DRIVER','2023-11-30 13:13:31','2023-11-30 13:13:31','https://i.pravatar.cc/300'),(9,'driver 7','driver 7','84971266717','driver1@gmail.com','27 Ngo Thoi Nhiem','DRIVER','2023-11-30 13:13:39','2023-11-30 13:13:39','https://i.pravatar.cc/300'),(10,'driver 8','driver 8','84971266712','driver1@gmail.com','27 Ngo Thoi Nhiem','DRIVER','2023-11-30 13:13:45','2023-11-30 13:13:45','https://i.pravatar.cc/300'),(11,'staff 1','staff 1','84972266712','driver1@gmail.com','27 Ngo Thoi Nhiem','STAFF','2023-11-30 13:16:26','2023-11-30 13:16:26','https://i.pravatar.cc/300'),(12,'staff 2','staff 2','84972566712','driver1@gmail.com','27 Ngo Thoi Nhiem','STAFF','2023-11-30 13:16:34','2023-11-30 13:16:34','https://i.pravatar.cc/300'),(24,'Trần Quốc Dũng','Trần Quốc Dũng','84972564212','quocdung@gmail.com','27 Ngo Thoi Nhiem','CUSTOMER','2023-12-03 13:58:32','2023-12-03 13:58:32','https://i.pravatar.cc/300'),(25,'đạt','đạt','123456789','sdfsdf@gmail.com',NULL,NULL,'2023-12-03 14:15:07','2023-12-03 14:15:07','https://i.pravatar.cc/300'),(27,'Dũng','Trần Quốc Dũng','84961501657',NULL,'Binh Thanh','DRIVER','2023-12-04 11:53:20','2023-12-04 11:53:20','https://i.pravatar.cc/300'),(28,'Đạt nt','Đạt nt','0388686493','thanhdat.dev@gmail.com',NULL,NULL,'2023-12-04 12:00:43','2023-12-04 12:00:43','https://i.pravatar.cc/300'),(29,'Dũng','Trần Quốc Dũng','84961501656',NULL,'Binh Thanh','CUSTOMER','2023-12-04 12:41:18','2023-12-04 12:41:18',NULL);
/*!40000 ALTER TABLE `nguoi_dung` ENABLE KEYS */;
UNLOCK TABLES;

--
-- Table structure for table `nhan_vien`
--

DROP TABLE IF EXISTS `nhan_vien`;
/*!40101 SET @saved_cs_client     = @@character_set_client */;
/*!50503 SET character_set_client = utf8mb4 */;
CREATE TABLE `nhan_vien` (
  `id` int NOT NULL AUTO_INCREMENT,
  `ma_nguoi_dung` int DEFAULT NULL,
  `ma_nhan_vien` varchar(255) COLLATE utf8mb4_general_ci DEFAULT NULL,
  `chuc_vu` varchar(255) COLLATE utf8mb4_general_ci DEFAULT NULL,
  `thoi_gian_tao` datetime NOT NULL,
  `thoi_gian_cap_nhat` datetime NOT NULL,
  PRIMARY KEY (`id`),
  KEY `ma_nguoi_dung` (`ma_nguoi_dung`),
  CONSTRAINT `nhan_vien_ibfk_1` FOREIGN KEY (`ma_nguoi_dung`) REFERENCES `nguoi_dung` (`id`) ON DELETE SET NULL ON UPDATE CASCADE
) ENGINE=InnoDB AUTO_INCREMENT=4 DEFAULT CHARSET=utf8mb4 COLLATE=utf8mb4_general_ci;
/*!40101 SET character_set_client = @saved_cs_client */;

--
-- Dumping data for table `nhan_vien`
--

LOCK TABLES `nhan_vien` WRITE;
/*!40000 ALTER TABLE `nhan_vien` DISABLE KEYS */;
INSERT INTO `nhan_vien` VALUES (1,11,'STF1','CS','2023-11-30 13:12:52','2023-11-30 13:12:52'),(2,12,'STF2','CS','2023-11-30 13:12:52','2023-11-30 13:12:52');
/*!40000 ALTER TABLE `nhan_vien` ENABLE KEYS */;
UNLOCK TABLES;

--
-- Table structure for table `tai_xe`
--

DROP TABLE IF EXISTS `tai_xe`;
/*!40101 SET @saved_cs_client     = @@character_set_client */;
/*!50503 SET character_set_client = utf8mb4 */;
CREATE TABLE `tai_xe` (
  `id` int NOT NULL AUTO_INCREMENT,
  `ma_nguoi_dung` int DEFAULT NULL,
  `cap_bac` varchar(255) COLLATE utf8mb4_general_ci DEFAULT NULL,
  `loai_bang_lai` varchar(255) COLLATE utf8mb4_general_ci DEFAULT NULL,
  `ngay_het_han_bang` varchar(255) COLLATE utf8mb4_general_ci DEFAULT NULL,
  `trang_thai` varchar(255) COLLATE utf8mb4_general_ci DEFAULT NULL,
  `loai_xe` varchar(255) COLLATE utf8mb4_general_ci DEFAULT NULL,
  `thoi_gian_tao` datetime NOT NULL,
  `thoi_gian_cap_nhat` datetime NOT NULL,
  PRIMARY KEY (`id`),
  KEY `ma_nguoi_dung` (`ma_nguoi_dung`),
  CONSTRAINT `tai_xe_ibfk_1` FOREIGN KEY (`ma_nguoi_dung`) REFERENCES `nguoi_dung` (`id`) ON DELETE SET NULL ON UPDATE CASCADE
) ENGINE=InnoDB AUTO_INCREMENT=10 DEFAULT CHARSET=utf8mb4 COLLATE=utf8mb4_general_ci;
/*!40101 SET character_set_client = @saved_cs_client */;

--
-- Dumping data for table `tai_xe`
--

LOCK TABLES `tai_xe` WRITE;
/*!40000 ALTER TABLE `tai_xe` DISABLE KEYS */;
INSERT INTO `tai_xe` VALUES (1,4,'NORMAL','A','2027-11-30 13:12:52','ACTIVE','FOUR_SEAT','2023-11-30 13:12:52','2023-11-30 13:12:52'),(2,5,'NORMAL','A','2027-11-30 13:12:52','ACTIVE','FOUR_SEAT','2023-11-30 13:12:52','2023-11-30 13:12:52'),(3,6,'NORMAL','A','2027-11-30 13:12:52','ACTIVE','FIVE_SEAT','2023-11-30 13:12:52','2023-11-30 13:12:52'),(4,7,'NORMAL','A','2027-11-30 13:12:52','ACTIVE','FIVE_SEAT','2023-11-30 13:12:52','2023-11-30 13:12:52'),(5,8,'NORMAL','A','2027-11-30 13:12:52','ACTIVE','SEVEN_SEAT','2023-11-30 13:12:52','2023-11-30 13:12:52'),(6,9,'NORMAL','A','2027-11-30 13:12:52','ACTIVE','SEVEN_SEAT','2023-11-30 13:12:52','2023-11-30 13:12:52'),(7,10,'NORMAL','A','2027-11-30 13:12:52','ACTIVE','VIP','2023-11-30 13:12:52','2023-11-30 13:12:52'),(8,3,'NORMAL','A','2027-11-30 13:12:52','ACTIVE','VIP','2023-11-30 13:12:52','2023-11-30 13:12:52');
/*!40000 ALTER TABLE `tai_xe` ENABLE KEYS */;
UNLOCK TABLES;

--
-- Table structure for table `tai_xe_phien_dang_nhap`
--

DROP TABLE IF EXISTS `tai_xe_phien_dang_nhap`;
/*!40101 SET @saved_cs_client     = @@character_set_client */;
/*!50503 SET character_set_client = utf8mb4 */;
CREATE TABLE `tai_xe_phien_dang_nhap` (
  `id` int NOT NULL AUTO_INCREMENT,
  `ma_tai_xe` int DEFAULT NULL,
  `lat_vi_tri_hien_tai` decimal(10,8) DEFAULT NULL,
  `long_vi_tri_hien_tai` decimal(11,8) DEFAULT NULL,
  `trang_thai` varchar(255) COLLATE utf8mb4_general_ci DEFAULT NULL,
  `trang_thai_lam_viec` varchar(255) COLLATE utf8mb4_general_ci DEFAULT NULL,
  `thoi_gian_tao` datetime NOT NULL,
  `thoi_gian_cap_nhat` datetime NOT NULL,
  PRIMARY KEY (`id`),
  UNIQUE KEY `tai_xe_phien_dang_nhap_UN` (`ma_tai_xe`),
  CONSTRAINT `tai_xe_phien_dang_nhap_ibfk_1` FOREIGN KEY (`ma_tai_xe`) REFERENCES `tai_xe` (`id`) ON DELETE SET NULL ON UPDATE CASCADE
) ENGINE=InnoDB AUTO_INCREMENT=52 DEFAULT CHARSET=utf8mb4 COLLATE=utf8mb4_general_ci;
/*!40101 SET character_set_client = @saved_cs_client */;

--
-- Dumping data for table `tai_xe_phien_dang_nhap`
--

LOCK TABLES `tai_xe_phien_dang_nhap` WRITE;
/*!40000 ALTER TABLE `tai_xe_phien_dang_nhap` DISABLE KEYS */;
INSERT INTO `tai_xe_phien_dang_nhap` VALUES (39,8,10.78080480,106.69002900,'ONLINE','DRIVING','2023-12-04 12:03:43','2023-12-04 12:59:55'),(51,1,10.78080150,106.69003620,'ONLINE','DRIVING','2023-12-06 14:11:30','2023-12-06 14:12:57');
/*!40000 ALTER TABLE `tai_xe_phien_dang_nhap` ENABLE KEYS */;
UNLOCK TABLES;

--
-- Table structure for table `thanh_toan`
--

DROP TABLE IF EXISTS `thanh_toan`;
/*!40101 SET @saved_cs_client     = @@character_set_client */;
/*!50503 SET character_set_client = utf8mb4 */;
CREATE TABLE `thanh_toan` (
  `id` int NOT NULL AUTO_INCREMENT,
  `ma_dat_xe` int DEFAULT NULL,
  `ma_giao_dich` varchar(255) COLLATE utf8mb4_general_ci DEFAULT NULL,
  `phuong_thuc_thanh_toan` varchar(255) COLLATE utf8mb4_general_ci DEFAULT NULL,
  `so_tien` int DEFAULT NULL,
  `thoi_gian_tao` datetime NOT NULL,
  `thoi_gian_cap_nhat` datetime NOT NULL,
  PRIMARY KEY (`id`),
  KEY `ma_dat_xe` (`ma_dat_xe`),
  CONSTRAINT `thanh_toan_ibfk_1` FOREIGN KEY (`ma_dat_xe`) REFERENCES `dat_xe` (`id`) ON DELETE SET NULL ON UPDATE CASCADE
) ENGINE=InnoDB AUTO_INCREMENT=2 DEFAULT CHARSET=utf8mb4 COLLATE=utf8mb4_general_ci;
/*!40101 SET character_set_client = @saved_cs_client */;

--
-- Dumping data for table `thanh_toan`
--

LOCK TABLES `thanh_toan` WRITE;
/*!40000 ALTER TABLE `thanh_toan` DISABLE KEYS */;
/*!40000 ALTER TABLE `thanh_toan` ENABLE KEYS */;
UNLOCK TABLES;

--
-- Table structure for table `xac_thuc`
--

DROP TABLE IF EXISTS `xac_thuc`;
/*!40101 SET @saved_cs_client     = @@character_set_client */;
/*!50503 SET character_set_client = utf8mb4 */;
CREATE TABLE `xac_thuc` (
  `id` int NOT NULL AUTO_INCREMENT,
  `ma_nguoi_dung` int DEFAULT NULL,
  `ten_dang_nhap` varchar(255) COLLATE utf8mb4_general_ci DEFAULT NULL,
  `mat_khau` varchar(255) COLLATE utf8mb4_general_ci DEFAULT NULL,
  `thoi_gian_tao` datetime NOT NULL,
  `thoi_gian_cap_nhat` datetime NOT NULL,
  PRIMARY KEY (`id`),
  KEY `ma_nguoi_dung` (`ma_nguoi_dung`),
  CONSTRAINT `xac_thuc_ibfk_1` FOREIGN KEY (`ma_nguoi_dung`) REFERENCES `nguoi_dung` (`id`) ON DELETE SET NULL ON UPDATE CASCADE
) ENGINE=InnoDB AUTO_INCREMENT=31 DEFAULT CHARSET=utf8mb4 COLLATE=utf8mb4_general_ci;
/*!40101 SET character_set_client = @saved_cs_client */;

--
-- Dumping data for table `xac_thuc`
--

LOCK TABLES `xac_thuc` WRITE;
/*!40000 ALTER TABLE `xac_thuc` DISABLE KEYS */;
INSERT INTO `xac_thuc` VALUES (1,1,'customer 1','$2a$10$C.n2sIndcxLx8eHVaJ4.6OtoNP/qiF65SeFcug0p.6T/yfZOzMZtC','2023-11-30 13:11:17','2023-11-30 13:11:17'),(2,2,'customer 2','$2a$10$C.n2sIndcxLx8eHVaJ4.6OtoNP/qiF65SeFcug0p.6T/yfZOzMZtC','2023-11-30 13:11:37','2023-11-30 13:11:37'),(3,3,'driver 1','$2a$10$C.n2sIndcxLx8eHVaJ4.6OtoNP/qiF65SeFcug0p.6T/yfZOzMZtC','2023-11-30 13:12:52','2023-11-30 13:12:52'),(4,4,'driver 2','$2a$10$C.n2sIndcxLx8eHVaJ4.6OtoNP/qiF65SeFcug0p.6T/yfZOzMZtC','2023-11-30 13:13:02','2023-11-30 13:13:02'),(5,5,'driver 3','$2a$10$C.n2sIndcxLx8eHVaJ4.6OtoNP/qiF65SeFcug0p.6T/yfZOzMZtC','2023-11-30 13:13:08','2023-11-30 13:13:08'),(6,6,'driver 4','$2a$10$C.n2sIndcxLx8eHVaJ4.6OtoNP/qiF65SeFcug0p.6T/yfZOzMZtC','2023-11-30 13:13:16','2023-11-30 13:13:16'),(7,7,'driver 5','$2a$10$C.n2sIndcxLx8eHVaJ4.6OtoNP/qiF65SeFcug0p.6T/yfZOzMZtC','2023-11-30 13:13:24','2023-11-30 13:13:24'),(8,8,'driver 6','$2a$10$C.n2sIndcxLx8eHVaJ4.6OtoNP/qiF65SeFcug0p.6T/yfZOzMZtC','2023-11-30 13:13:32','2023-11-30 13:13:32'),(9,9,'driver 7','$2a$10$C.n2sIndcxLx8eHVaJ4.6OtoNP/qiF65SeFcug0p.6T/yfZOzMZtC','2023-11-30 13:13:39','2023-11-30 13:13:39'),(10,10,'driver 8','$2a$10$C.n2sIndcxLx8eHVaJ4.6OtoNP/qiF65SeFcug0p.6T/yfZOzMZtC','2023-11-30 13:13:45','2023-11-30 13:13:45'),(11,11,'staff 1','$2a$10$C.n2sIndcxLx8eHVaJ4.6OtoNP/qiF65SeFcug0p.6T/yfZOzMZtC','2023-11-30 13:16:26','2023-11-30 13:16:26'),(12,12,'staff 2','$2a$10$C.n2sIndcxLx8eHVaJ4.6OtoNP/qiF65SeFcug0p.6T/yfZOzMZtC','2023-11-30 13:16:34','2023-11-30 13:16:34'),(27,24,'quocdungtran','$2a$10$Vc8SwRxGocbqFfDHOxgqZ.tNGw4bRkJEvJwhB9s8PJXni1aX9Zlf.','2023-12-03 13:58:32','2023-12-03 13:58:32'),(30,29,NULL,'$2a$10$jFwrKkUnd0L4psI4JHgCNuYl6LtNenXazkNXd6Dr9rZpEBLBGTtE6','2023-12-04 12:41:18','2023-12-04 12:41:18');
/*!40000 ALTER TABLE `xac_thuc` ENABLE KEYS */;
UNLOCK TABLES;

--
-- Table structure for table `xe`
--

DROP TABLE IF EXISTS `xe`;
/*!40101 SET @saved_cs_client     = @@character_set_client */;
/*!50503 SET character_set_client = utf8mb4 */;
CREATE TABLE `xe` (
  `id` int NOT NULL AUTO_INCREMENT,
  `ma_tai_xe` int DEFAULT NULL,
  `hang_xe` varchar(255) COLLATE utf8mb4_general_ci DEFAULT NULL,
  `hieu_xe` varchar(255) COLLATE utf8mb4_general_ci DEFAULT NULL,
  `bien_so_xe` varchar(255) COLLATE utf8mb4_general_ci DEFAULT NULL,
  `hinh_anh` varchar(255) COLLATE utf8mb4_general_ci DEFAULT NULL,
  `thoi_gian_tao` datetime NOT NULL,
  `thoi_gian_cap_nhat` datetime NOT NULL,
  PRIMARY KEY (`id`),
  KEY `ma_tai_xe` (`ma_tai_xe`),
  CONSTRAINT `xe_ibfk_1` FOREIGN KEY (`ma_tai_xe`) REFERENCES `tai_xe` (`id`) ON DELETE SET NULL ON UPDATE CASCADE
) ENGINE=InnoDB AUTO_INCREMENT=9 DEFAULT CHARSET=utf8mb4 COLLATE=utf8mb4_general_ci;
/*!40101 SET character_set_client = @saved_cs_client */;

--
-- Dumping data for table `xe`
--

LOCK TABLES `xe` WRITE;
/*!40000 ALTER TABLE `xe` DISABLE KEYS */;
INSERT INTO `xe` VALUES (1,1,'Mazda','K3','59F-24821',NULL,'2023-11-30 13:12:52','2023-11-30 13:12:52'),(2,1,'Mazda','K5','59F-29252',NULL,'2023-11-30 13:12:52','2023-11-30 13:12:52'),(3,2,'Mazda','CX5','59F-23152',NULL,'2023-11-30 13:12:52','2023-11-30 13:12:52'),(4,3,'Mazda','CX5','59F-85363',NULL,'2023-11-30 13:12:52','2023-11-30 13:12:52'),(5,4,'Toyota','Innova','59F-76924',NULL,'2023-11-30 13:12:52','2023-11-30 13:12:52'),(6,5,'Toyota','Innova','59F-84252',NULL,'2023-11-30 13:12:52','2023-11-30 13:12:52'),(7,6,'Lexus','LX570','59F-99999',NULL,'2023-11-30 13:12:52','2023-11-30 13:12:52'),(8,7,'Lexus','LX570','59F-88888',NULL,'2023-11-30 13:12:52','2023-11-30 13:12:52');
/*!40000 ALTER TABLE `xe` ENABLE KEYS */;
UNLOCK TABLES;
/*!40103 SET TIME_ZONE=@OLD_TIME_ZONE */;

/*!40101 SET SQL_MODE=@OLD_SQL_MODE */;
/*!40014 SET FOREIGN_KEY_CHECKS=@OLD_FOREIGN_KEY_CHECKS */;
/*!40014 SET UNIQUE_CHECKS=@OLD_UNIQUE_CHECKS */;
/*!40101 SET CHARACTER_SET_CLIENT=@OLD_CHARACTER_SET_CLIENT */;
/*!40101 SET CHARACTER_SET_RESULTS=@OLD_CHARACTER_SET_RESULTS */;
/*!40101 SET COLLATION_CONNECTION=@OLD_COLLATION_CONNECTION */;
/*!40111 SET SQL_NOTES=@OLD_SQL_NOTES */;

-- Dump completed on 2023-12-06 15:57:14
